insert into brand(id, name) values (1, 'A');
insert into brand(id, name) values (2, 'B');
insert into brand(id, name) values (3, 'C');
insert into brand(id, name) values (4. 'D');
insert into brand(id, name) values (5, 'E');
insert into brand(id, name) values (6, 'F');
insert into brand(id, name) values (7, 'G');
insert into brand(id, name) values (8, 'H');
insert into brand(id, name) values (9, 'I');

insert into category(id, name) values (1, '상의');
insert into category(id, name) values (2, '아우터');
insert into category(id, name) values (3, '바지');
insert into category(id, name) values (4, '스니커즈');
insert into category(id, name) values (5, '가방');
insert into category(id, name) values (6, '모자');
insert into category(id, name) values (7, '양말');
insert into category(id, name) values (8, '액세서리');

insert into product(name, price) values ('A상의', 11200);
insert into product(name, price) values ('B상의', 10500);
insert into product(name, price) values ('C상의', 10000);
insert into product(name, price) values ('D상의', 10100);
insert into product(name, price) values ('E상의', 10700);
insert into product(name, price) values ('F상의', 11200);
insert into product(name, price) values ('G상의', 10500);
insert into product(name, price) values ('H상의', 10800);
insert into product(name, price) values ('I상의', 11400);

insert into product(name, price) values ('A아우터', 5500);
insert into product(name, price) values ('B아우터', 5900);
insert into product(name, price) values ('C아우터', 6200);
insert into product(name, price) values ('D아우터', 5100);
insert into product(name, price) values ('E아우터', 5000);
insert into product(name, price) values ('F아우터', 7200);
insert into product(name, price) values ('G아우터', 5800);
insert into product(name, price) values ('H아우터', 6300);
insert into product(name, price) values ('I아우터', 6700);

insert into product(name, price) values ('A바지', 4200);
insert into product(name, price) values ('B바지', 3800);
insert into product(name, price) values ('C바지', 3300);
insert into product(name, price) values ('D바지', 3000);
insert into product(name, price) values ('E바지', 3800);
insert into product(name, price) values ('F바지', 4000);
insert into product(name, price) values ('G바지', 3900);
insert into product(name, price) values ('H바지', 3100);
insert into product(name, price) values ('I바지', 3200);

insert into product(name, price) values ('A스니커즈', 9000);
insert into product(name, price) values ('B스니커즈', 9100);
insert into product(name, price) values ('C스니커즈', 9200);
insert into product(name, price) values ('D스니커즈', 9500);
insert into product(name, price) values ('E스니커즈', 9900);
insert into product(name, price) values ('F스니커즈', 9300);
insert into product(name, price) values ('G스니커즈', 9000);
insert into product(name, price) values ('H스니커즈', 9700);
insert into product(name, price) values ('I스니커즈', 9500);

insert into product(name, price) values ('A가방', 2000);
insert into product(name, price) values ('B가방', 2100);
insert into product(name, price) values ('C가방', 2200);
insert into product(name, price) values ('D가방', 2500);
insert into product(name, price) values ('E가방', 2300);
insert into product(name, price) values ('F가방', 2100);
insert into product(name, price) values ('G가방', 2200);
insert into product(name, price) values ('H가방', 2100);
insert into product(name, price) values ('I가방', 2400);

insert into product(name, price) values ('A모자', 1700);
insert into product(name, price) values ('B모자', 2000);
insert into product(name, price) values ('C모자', 1900);
insert into product(name, price) values ('D모자', 1500);
insert into product(name, price) values ('E모자', 1800);
insert into product(name, price) values ('F모자', 1600);
insert into product(name, price) values ('G모자', 1700);
insert into product(name, price) values ('H모자', 1600);
insert into product(name, price) values ('I모자', 1700);

insert into product(name, price) values ('A양말', 1800);
insert into product(name, price) values ('B양말', 2000);
insert into product(name, price) values ('C양말', 2200);
insert into product(name, price) values ('D양말', 2400);
insert into product(name, price) values ('E양말', 2100);
insert into product(name, price) values ('F양말', 2300);
insert into product(name, price) values ('G양말', 2100);
insert into product(name, price) values ('H양말', 2000);
insert into product(name, price) values ('I양말', 1700);

insert into product(name, price) values ('A액세서리', 2300);
insert into product(name, price) values ('B액세서리', 2200);
insert into product(name, price) values ('C액세서리', 2100);
insert into product(name, price) values ('D액세서리', 2000);
insert into product(name, price) values ('E액세서리', 2100);
insert into product(name, price) values ('F액세서리', 1900);
insert into product(name, price) values ('G액세서리', 2000);
insert into product(name, price) values ('H액세서리', 2000);
insert into product(name, price) values ('I액세서리', 2400);

insert into product_category(product_id, category_id) values (1, 1);
insert into product_category(product_id, category_id) values (2, 1);
insert into product_category(product_id, category_id) values (3, 1);
insert into product_category(product_id, category_id) values (4, 1);
insert into product_category(product_id, category_id) values (5, 1);
insert into product_category(product_id, category_id) values (6, 1);
insert into product_category(product_id, category_id) values (7, 1);
insert into product_category(product_id, category_id) values (8, 1);
insert into product_category(product_id, category_id) values (9, 1);

insert into product_category(product_id, category_id) values (10, 2);
insert into product_category(product_id, category_id) values (11, 2);
insert into product_category(product_id, category_id) values (12, 2);
insert into product_category(product_id, category_id) values (13, 2);
insert into product_category(product_id, category_id) values (14, 2);
insert into product_category(product_id, category_id) values (15, 2);
insert into product_category(product_id, category_id) values (16, 2);
insert into product_category(product_id, category_id) values (17, 2);
insert into product_category(product_id, category_id) values (18, 2);

insert into product_category(product_id, category_id) values (19, 3);
insert into product_category(product_id, category_id) values (20, 3);
insert into product_category(product_id, category_id) values (21, 3);
insert into product_category(product_id, category_id) values (22, 3);
insert into product_category(product_id, category_id) values (23, 3);
insert into product_category(product_id, category_id) values (24, 3);
insert into product_category(product_id, category_id) values (25, 3);
insert into product_category(product_id, category_id) values (26, 3);
insert into product_category(product_id, category_id) values (27, 3);

insert into product_category(product_id, category_id) values (28, 4);
insert into product_category(product_id, category_id) values (29, 4);
insert into product_category(product_id, category_id) values (30, 4);
insert into product_category(product_id, category_id) values (31, 4);
insert into product_category(product_id, category_id) values (32, 4);
insert into product_category(product_id, category_id) values (33, 4);
insert into product_category(product_id, category_id) values (34, 4);
insert into product_category(product_id, category_id) values (35, 4);
insert into product_category(product_id, category_id) values (36, 4);

insert into product_category(product_id, category_id) values (37, 5);
insert into product_category(product_id, category_id) values (38, 5);
insert into product_category(product_id, category_id) values (39, 5);
insert into product_category(product_id, category_id) values (40, 5);
insert into product_category(product_id, category_id) values (41, 5);
insert into product_category(product_id, category_id) values (42, 5);
insert into product_category(product_id, category_id) values (43, 5);
insert into product_category(product_id, category_id) values (44, 5);
insert into product_category(product_id, category_id) values (45, 5);

insert into product_category(product_id, category_id) values (46, 6);
insert into product_category(product_id, category_id) values (47, 6);
insert into product_category(product_id, category_id) values (48, 6);
insert into product_category(product_id, category_id) values (49, 6);
insert into product_category(product_id, category_id) values (50, 6);
insert into product_category(product_id, category_id) values (51, 6);
insert into product_category(product_id, category_id) values (52, 6);
insert into product_category(product_id, category_id) values (53, 6);
insert into product_category(product_id, category_id) values (54, 6);

insert into product_category(product_id, category_id) values (55, 7);
insert into product_category(product_id, category_id) values (56, 7);
insert into product_category(product_id, category_id) values (57, 7);
insert into product_category(product_id, category_id) values (58, 7);
insert into product_category(product_id, category_id) values (59, 7);
insert into product_category(product_id, category_id) values (60, 7);
insert into product_category(product_id, category_id) values (61, 7);
insert into product_category(product_id, category_id) values (62, 7);
insert into product_category(product_id, category_id) values (63, 7);

insert into product_category(product_id, category_id) values (64, 8);
insert into product_category(product_id, category_id) values (65, 8);
insert into product_category(product_id, category_id) values (66, 8);
insert into product_category(product_id, category_id) values (67, 8);
insert into product_category(product_id, category_id) values (68, 8);
insert into product_category(product_id, category_id) values (69, 8);
insert into product_category(product_id, category_id) values (70, 8);
insert into product_category(product_id, category_id) values (71, 8);
insert into product_category(product_id, category_id) values (72, 8);

insert into product_brand(product_id, brand_id) values (1, 1);
insert into product_brand(product_id, brand_id) values (2, 2);
insert into product_brand(product_id, brand_id) values (3, 3);
insert into product_brand(product_id, brand_id) values (4, 4);
insert into product_brand(product_id, brand_id) values (5, 5);
insert into product_brand(product_id, brand_id) values (6, 6);
insert into product_brand(product_id, brand_id) values (7, 7);
insert into product_brand(product_id, brand_id) values (8, 8);
insert into product_brand(product_id, brand_id) values (9, 9);

insert into product_brand(product_id, brand_id) values (10, 1);
insert into product_brand(product_id, brand_id) values (11, 2);
insert into product_brand(product_id, brand_id) values (12, 3);
insert into product_brand(product_id, brand_id) values (13, 4);
insert into product_brand(product_id, brand_id) values (14, 5);
insert into product_brand(product_id, brand_id) values (15, 6);
insert into product_brand(product_id, brand_id) values (16, 7);
insert into product_brand(product_id, brand_id) values (17, 8);
insert into product_brand(product_id, brand_id) values (18, 9);

insert into product_brand(product_id, brand_id) values (19, 1);
insert into product_brand(product_id, brand_id) values (20, 2);
insert into product_brand(product_id, brand_id) values (21, 3);
insert into product_brand(product_id, brand_id) values (22, 4);
insert into product_brand(product_id, brand_id) values (23, 5);
insert into product_brand(product_id, brand_id) values (24, 6);
insert into product_brand(product_id, brand_id) values (25, 7);
insert into product_brand(product_id, brand_id) values (26, 8);
insert into product_brand(product_id, brand_id) values (27, 9);

insert into product_brand(product_id, brand_id) values (28, 1);
insert into product_brand(product_id, brand_id) values (29, 2);
insert into product_brand(product_id, brand_id) values (30, 3);
insert into product_brand(product_id, brand_id) values (31, 4);
insert into product_brand(product_id, brand_id) values (32, 5);
insert into product_brand(product_id, brand_id) values (33, 6);
insert into product_brand(product_id, brand_id) values (34, 7);
insert into product_brand(product_id, brand_id) values (35, 8);
insert into product_brand(product_id, brand_id) values (36, 9);

insert into product_brand(product_id, brand_id) values (37, 1);
insert into product_brand(product_id, brand_id) values (38, 2);
insert into product_brand(product_id, brand_id) values (39, 3);
insert into product_brand(product_id, brand_id) values (40, 4);
insert into product_brand(product_id, brand_id) values (41, 5);
insert into product_brand(product_id, brand_id) values (42, 6);
insert into product_brand(product_id, brand_id) values (43, 7);
insert into product_brand(product_id, brand_id) values (44, 8);
insert into product_brand(product_id, brand_id) values (45, 9);

insert into product_brand(product_id, brand_id) values (46, 1);
insert into product_brand(product_id, brand_id) values (47, 2);
insert into product_brand(product_id, brand_id) values (48, 3);
insert into product_brand(product_id, brand_id) values (49, 4);
insert into product_brand(product_id, brand_id) values (50, 5);
insert into product_brand(product_id, brand_id) values (51, 6);
insert into product_brand(product_id, brand_id) values (52, 7);
insert into product_brand(product_id, brand_id) values (53, 8);
insert into product_brand(product_id, brand_id) values (54, 9);

insert into product_brand(product_id, brand_id) values (55, 1);
insert into product_brand(product_id, brand_id) values (56, 2);
insert into product_brand(product_id, brand_id) values (57, 3);
insert into product_brand(product_id, brand_id) values (58, 4);
insert into product_brand(product_id, brand_id) values (59, 5);
insert into product_brand(product_id, brand_id) values (60, 6);
insert into product_brand(product_id, brand_id) values (61, 7);
insert into product_brand(product_id, brand_id) values (62, 8);
insert into product_brand(product_id, brand_id) values (63, 9);

insert into product_brand(product_id, brand_id) values (64, 1);
insert into product_brand(product_id, brand_id) values (65, 2);
insert into product_brand(product_id, brand_id) values (66, 3);
insert into product_brand(product_id, brand_id) values (67, 4);
insert into product_brand(product_id, brand_id) values (68, 5);
insert into product_brand(product_id, brand_id) values (69, 6);
insert into product_brand(product_id, brand_id) values (70, 7);
insert into product_brand(product_id, brand_id) values (71, 8);
insert into product_brand(product_id, brand_id) values (72, 9);

